data,mercato,direzione,ingresso,stop,TP,size,motivo,esito
2026-10-08,oro XAU/USD,SHORT,,,,,"trend STRONG SHORT slope_atr=-7.268 RSI=22.4; livello strutturale non toccato (supporto 4091 / resistenza 4445, ATR 34.19)",nessun segnale
2026-10-08,argento XAG/USD,SHORT,,,,,"trend STRONG SHORT slope_atr=-4.673 RSI=25.3; livello strutturale non toccato",nessun segnale
2026-10-08,rame HG,LONG,,,,,"trend STRONG LONG slope_atr=4.610 RSI=57.1; livello strutturale non toccato",nessun segnale
2026-10-08,WTI CL,SHORT,,,,,"trend STRONG SHORT slope_atr=-5.415 RSI=30.2; livello strutturale non toccato; roll energia OK (giorno 8, finestra 15-22)",nessun segnale
2026-10-08,Brent BZ,SHORT,,,,,"trend STRONG SHORT slope_atr=-1.182 RSI=47.3 momentum non confermato (serve <45); livello non toccato; roll OK",nessun segnale
2026-10-08,gas naturale NG,LONG,,,,,"trend STRONG LONG slope_atr=4.993 RSI=64.5; livello strutturale non toccato; roll energia OK",nessun segnale
2026-10-08,grano ZW,SHORT,,,,,"trend STRONG SHORT slope_atr=-2.607 RSI=37.7; livello strutturale non toccato",nessun segnale
2026-10-08,mais ZC,SHORT,,,,,"trend STRONG SHORT slope_atr=-1.438 RSI=34.4; livello strutturale non toccato",nessun segnale
2026-10-08,zucchero SB,LONG,,,,,"trend STRONG LONG slope_atr=6.548 RSI=88.0; tocco resistenza non è supporto long; roll BLOCCATO (SUGAR/USD mese 10, giorni 8-16, contract_roll.py)",bloccato
2026-10-08,caffe KC,SHORT,,,,,"trend STRONG SHORT slope_atr=-2.963 ma RSI=56.2 conferma LONG: momentum contrario, nessun setup",bloccato
2026-10-08,cacao CC,SHORT,,,,,"trend STRONG SHORT slope_atr=-2.991 RSI=44.6; livello strutturale non toccato; roll softs OK (ottobre non è mese di scadenza cacao)",nessun segnale
